benchmark_level,index_type,workload,dataset_size,elapsed_ms_mean,elapsed_ms_std,avg_ns_per_op_mean,ops_per_sec_mean,memory_mb_mean
dbms-level,BTREE,dbms_delete_by_primary_key,1000,8.002487599999998,7.4223704087844,80024.876,22808.83484802555,0.0
dbms-level,BTREE,dbms_delete_by_primary_key,5000,16.6457998,0.7207772545340897,33291.5996,30081.98310295179,0.0
dbms-level,BTREE,dbms_delete_by_primary_key,10000,34.5126358,2.030847603405086,34512.635800000004,29051.812529372546,0.0
dbms-level,BTREE,dbms_delete_by_primary_key,50000,94.8534566,10.514344696239434,94853.4566,10639.548360406692,0.0
dbms-level,BTREE,dbms_duplicate_equality_search_secondary_index,1000,325.4751818,26.250959647645818,325475.1818,3088.8970549181163,0.0
dbms-level,BTREE,dbms_duplicate_equality_search_secondary_index,5000,1366.7161025999999,37.777803612054264,1366716.1026,732.1261205686169,0.0
dbms-level,BTREE,dbms_duplicate_equality_search_secondary_index,10000,2617.7406784,43.46184215508555,2617740.6784,382.0924640108383,0.0
dbms-level,BTREE,dbms_duplicate_equality_search_secondary_index,50000,12678.3739406,329.1862361621383,12678373.9406,78.91580344451535,0.0
dbms-level,BTREE,dbms_equality_search_primary_key,1000,51.290744600000004,40.44462615283163,51290.7446,32244.14457927808,0.0
dbms-level,BTREE,dbms_equality_search_primary_key,5000,37.4820012,2.278953515645217,37482.0012,26754.656891281244,0.0
dbms-level,BTREE,dbms_equality_search_primary_key,10000,23.0686414,2.0365404609097015,23068.6414,43631.565098048435,0.0
dbms-level,BTREE,dbms_equality_search_primary_key,50000,24.8286238,2.804717785950166,24828.6238,40651.25285517002,0.0
dbms-level,BTREE,dbms_memory_after_build,1000,3.6039274,0.3518956355949871,3603.9273999999996,279788.67479518894,0.692352294921875
dbms-level,BTREE,dbms_memory_after_build,5000,28.4620136,4.840642067390267,5692.40272,179610.03804782272,3.37542724609375
dbms-level,BTREE,dbms_memory_after_build,10000,47.4114222,1.101713168763178,4741.14222,211011.73710266763,6.727485656738281
dbms-level,BTREE,dbms_memory_after_build,50000,152.7756252,8.579758324817616,3055.512504,328099.62700647704,28.25329132080078
dbms-level,BTREE,dbms_range_search_secondary_index,1000,230.8582366,9.790568459884257,1154291.183,867.5258463791595,0.0
dbms-level,BTREE,dbms_range_search_secondary_index,5000,5834.105748399999,182.91617349878098,29170528.742000002,34.30860722731413,0.0
dbms-level,BTREE,dbms_range_search_secondary_index,10000,24486.5568814,714.2326334340116,122432784.40699999,8.173433439590127,0.0
dbms-level,BTREE,dbms_range_search_secondary_index,50000,621751.9551613999,9119.140986977103,3108759775.807,0.32172732332714993,0.0
dbms-level,BTREE,dbms_safe_batch_insert_random,1000,2.7106666,1.3422823143712352,2710.6666,470854.3422849575,0.0
dbms-level,BTREE,dbms_safe_batch_insert_random,5000,13.519176400000001,2.5035471474112097,2703.8352800000002,381783.2709545297,0.0
dbms-level,BTREE,dbms_safe_batch_insert_random,10000,23.7809074,2.973628468072685,2378.09074,426790.1562247473,0.0
dbms-level,BTREE,dbms_safe_batch_insert_random,50000,111.8760346,6.416343226344994,2237.520692,448055.7182668237,0.0
dbms-level,BTREE,dbms_safe_batch_insert_sequential,1000,3.2618146,1.8655706603171858,3261.8146,456973.5978640318,0.0
dbms-level,BTREE,dbms_safe_batch_insert_sequential,5000,15.764975799999998,5.608414398301956,3152.99516,367082.3357781555,0.0
dbms-level,BTREE,dbms_safe_batch_insert_sequential,10000,17.356329600000002,0.8732623486583515,1735.6329600000001,577333.3882466389,0.0
dbms-level,BTREE,dbms_safe_batch_insert_sequential,50000,113.6220898,10.754581477199553,2272.441796,443028.5681706449,0.0
dbms-level,HASH_INDEX,dbms_delete_by_primary_key,1000,8.251651,3.319622413798895,82516.51,13662.950007000047,0.0
dbms-level,HASH_INDEX,dbms_delete_by_primary_key,5000,95.09919479999999,4.827517837065829,190198.3896,5267.9630774960815,0.0
dbms-level,HASH_INDEX,dbms_delete_by_primary_key,10000,314.59652100000005,19.500064303579904,314596.521,3189.2309873208856,0.0
dbms-level,HASH_INDEX,dbms_delete_by_primary_key,50000,1447.233815,399.1635369303859,1447233.815,736.8540407751327,0.0
dbms-level,HASH_INDEX,dbms_duplicate_equality_search_secondary_index,1000,314.4121216,20.40895342684871,314412.1216,3191.1418838681707,0.0
dbms-level,HASH_INDEX,dbms_duplicate_equality_search_secondary_index,5000,1328.3662410000002,16.943314480335935,1328366.241,752.902606060599,0.0
dbms-level,HASH_INDEX,dbms_duplicate_equality_search_secondary_index,10000,2579.0544304,64.44794013079775,2579054.4304,387.9389427899715,0.0
dbms-level,HASH_INDEX,dbms_duplicate_equality_search_secondary_index,50000,12718.2157114,459.5576700481644,12718215.711399999,78.70974412823153,0.0
dbms-level,HASH_INDEX,dbms_equality_search_primary_key,1000,89.51322640000001,39.90462571418851,89513.2264,13185.684580913565,0.0
dbms-level,HASH_INDEX,dbms_equality_search_primary_key,5000,146.598691,32.890595767349964,146598.691,7048.947420833118,0.0
dbms-level,HASH_INDEX,dbms_equality_search_primary_key,10000,299.0830114,41.07104872168521,299083.0114,3400.452834921502,0.0
dbms-level,HASH_INDEX,dbms_equality_search_primary_key,50000,1446.5249924,406.94266630965706,1446524.9924,739.4072850385447,0.0
dbms-level,HASH_INDEX,dbms_memory_after_build,1000,3.6171377999999996,1.0052204776757685,3617.1377999999995,291565.65167877,0.7066726684570312
dbms-level,HASH_INDEX,dbms_memory_after_build,5000,17.4965562,3.0428139005606645,3499.31124,294423.4428734922,3.455889892578125
dbms-level,HASH_INDEX,dbms_memory_after_build,10000,44.5278734,8.963573891566371,4452.78734,234991.75287053123,6.876007080078125
dbms-level,HASH_INDEX,dbms_memory_after_build,50000,127.9201694,3.3536233077901474,2558.4033879999997,391079.94027365785,28.97102508544922
dbms-level,HASH_INDEX,dbms_range_search_secondary_index,1000,226.97740359999997,4.847039467408251,1134887.018,881.4649229337499,0.0
dbms-level,HASH_INDEX,dbms_range_search_secondary_index,5000,5465.3446184,221.1094347555381,27326723.092,36.64086592979551,0.0
dbms-level,HASH_INDEX,dbms_range_search_secondary_index,10000,21468.7730504,667.6742054724588,107343865.252,9.323029521687483,0.0
dbms-level,HASH_INDEX,dbms_range_search_secondary_index,50000,548913.3615365999,9775.015388139858,2744566807.683,0.36444823134608206,0.0
dbms-level,HASH_INDEX,dbms_safe_batch_insert_random,1000,1.9069034000000002,0.7830274485337664,1906.9034,595298.0475834738,0.0
dbms-level,HASH_INDEX,dbms_safe_batch_insert_random,5000,9.009838400000001,0.2553702529579352,1801.9676800000002,555318.2844348472,0.0
dbms-level,HASH_INDEX,dbms_safe_batch_insert_random,10000,10.591274799999999,1.4399016862300704,1059.12748,958930.9581717479,0.0
dbms-level,HASH_INDEX,dbms_safe_batch_insert_random,50000,68.6656472,10.756854541792556,1373.312944,743010.3073517841,0.0
dbms-level,HASH_INDEX,dbms_safe_batch_insert_sequential,1000,1.8329954000000002,0.6801468499988073,1832.9954000000002,616998.3245453691,0.0
dbms-level,HASH_INDEX,dbms_safe_batch_insert_sequential,5000,8.023466,0.9981674591843297,1604.6932000000002,631405.3287913917,0.0
dbms-level,HASH_INDEX,dbms_safe_batch_insert_sequential,10000,17.2101976,1.0008040000995693,1721.01976,582520.5971260803,0.0
dbms-level,HASH_INDEX,dbms_safe_batch_insert_sequential,50000,73.5515168,4.0128344281431785,1471.030336,681469.8539895264,0.0
dbms-level,RED_BLACK_TREE,dbms_delete_by_primary_key,1000,4.814923,1.9928518690945145,48149.23,23967.96047118575,0.0
dbms-level,RED_BLACK_TREE,dbms_delete_by_primary_key,5000,16.8952568,0.8466739779296397,33790.5136,29655.378929025428,0.0
dbms-level,RED_BLACK_TREE,dbms_delete_by_primary_key,10000,35.4370086,2.603611607192265,35437.0086,28346.79265229199,0.0
dbms-level,RED_BLACK_TREE,dbms_delete_by_primary_key,50000,124.658472,58.781746502309026,124658.472,9472.450009335367,0.0
dbms-level,RED_BLACK_TREE,dbms_duplicate_equality_search_secondary_index,1000,300.6250986,1.4465721512872305,300625.0986,3326.4639766471764,0.0
dbms-level,RED_BLACK_TREE,dbms_duplicate_equality_search_secondary_index,5000,1353.7604018,59.94862801401877,1353760.4017999999,739.7950288715282,0.0
dbms-level,RED_BLACK_TREE,dbms_duplicate_equality_search_secondary_index,10000,2626.1276488,26.416647940256507,2626127.6488,380.81991610394334,0.0
dbms-level,RED_BLACK_TREE,dbms_duplicate_equality_search_secondary_index,50000,12637.303818199998,168.31369757311984,12637303.818200001,79.14197300691512,0.0
dbms-level,RED_BLACK_TREE,dbms_equality_search_primary_key,1000,33.575484599999996,4.61109395358789,33575.4846,30242.90932834216,0.0
dbms-level,RED_BLACK_TREE,dbms_equality_search_primary_key,5000,22.866952,1.9753527418627028,22866.952,43980.37615996847,0.0
dbms-level,RED_BLACK_TREE,dbms_equality_search_primary_key,10000,33.9281776,2.127585967013625,33928.1776,29572.239885022915,0.0
dbms-level,RED_BLACK_TREE,dbms_equality_search_primary_key,50000,26.697297199999998,20.396021067737337,26697.2972,57348.995008970014,0.0
dbms-level,RED_BLACK_TREE,dbms_memory_after_build,1000,3.5696596,0.34573661926790444,3569.6596000000004,282287.33279023116,0.7196075439453125
dbms-level,RED_BLACK_TREE,dbms_memory_after_build,5000,19.0213292,4.845249126979044,3804.26584,276423.79685663973,3.5073471069335938
dbms-level,RED_BLACK_TREE,dbms_memory_after_build,10000,51.650647400000004,1.2386844923947742,5165.06474,193696.1335294447,6.990547180175781
dbms-level,RED_BLACK_TREE,dbms_memory_after_build,50000,229.28951339999998,136.66214683087014,4585.790268,259246.85691606748,29.58295135498047
dbms-level,RED_BLACK_TREE,dbms_range_search_secondary_index,1000,230.04699499999998,3.362706612076884,1150234.975,869.5351984189798,0.0
dbms-level,RED_BLACK_TREE,dbms_range_search_secondary_index,5000,5807.9778658,80.92897815459386,29039889.329000004,34.4407390018396,0.0
dbms-level,RED_BLACK_TREE,dbms_range_search_secondary_index,10000,23463.1562008,1013.0220054598066,117315781.004,8.536190372662144,0.0
dbms-level,RED_BLACK_TREE,dbms_range_search_secondary_index,50000,611203.8896832,10209.592484607492,3056019448.416,0.32729580438069367,0.0
dbms-level,RED_BLACK_TREE,dbms_safe_batch_insert_random,1000,2.8386438000000003,1.0311588707091648,2838.6438000000003,405084.8038526232,0.0
dbms-level,RED_BLACK_TREE,dbms_safe_batch_insert_random,5000,11.3581884,0.68190840626788,2271.6376800000003,441458.5155767336,0.0
dbms-level,RED_BLACK_TREE,dbms_safe_batch_insert_random,10000,16.886871199999998,1.7963065777215477,1688.68712,597672.4340724142,0.0
dbms-level,RED_BLACK_TREE,dbms_safe_batch_insert_random,50000,145.6686086,17.967809985884486,2913.3721720000003,347454.03720151295,0.0
dbms-level,RED_BLACK_TREE,dbms_safe_batch_insert_sequential,1000,4.8149652000000005,2.5090727664963604,4814.965200000001,288523.61576725414,0.0
dbms-level,RED_BLACK_TREE,dbms_safe_batch_insert_sequential,5000,8.3597626,0.48203291692767225,1671.95252,599676.1998349072,0.0
dbms-level,RED_BLACK_TREE,dbms_safe_batch_insert_sequential,10000,22.8638686,0.7084272095157701,2286.38686,437708.7429722826,0.0
dbms-level,RED_BLACK_TREE,dbms_safe_batch_insert_sequential,50000,116.0620306,14.565786045568624,2321.240612,436667.1244828391,0.0
dbms-level,SKIPLIST,dbms_delete_by_primary_key,1000,6.4099052,6.036741042158981,64099.052,23402.54465355661,0.0
dbms-level,SKIPLIST,dbms_delete_by_primary_key,5000,21.274042,2.9741093162005665,42548.083999999995,23887.097267259458,0.0
dbms-level,SKIPLIST,dbms_delete_by_primary_key,10000,46.3851138,2.776043701147679,46385.11380000001,21620.16189427732,0.0
dbms-level,SKIPLIST,dbms_delete_by_primary_key,50000,241.13370519999998,72.73243419149658,241133.70520000003,4472.025847927521,0.0
dbms-level,SKIPLIST,dbms_duplicate_equality_search_secondary_index,1000,312.70108600000003,25.446987875781115,312701.086,3213.4830111571314,0.0
dbms-level,SKIPLIST,dbms_duplicate_equality_search_secondary_index,5000,1354.3555394,55.24807504053694,1354355.5394,739.3567178778778,0.0
dbms-level,SKIPLIST,dbms_duplicate_equality_search_secondary_index,10000,2628.4187614,87.30738670256083,2628418.7614,380.804186348161,0.0
dbms-level,SKIPLIST,dbms_duplicate_equality_search_secondary_index,50000,12822.630288600001,266.54883145344564,12822630.288600001,78.01430789390766,0.0
dbms-level,SKIPLIST,dbms_equality_search_primary_key,1000,46.2363626,31.94885640074782,46236.3626,27136.372751669027,0.0
dbms-level,SKIPLIST,dbms_equality_search_primary_key,5000,26.8482396,9.359120472257331,26848.2396,40767.131904072085,0.0
dbms-level,SKIPLIST,dbms_equality_search_primary_key,10000,32.340094799999996,4.631382887436344,32340.094800000003,31550.811001942307,0.0
dbms-level,SKIPLIST,dbms_equality_search_primary_key,50000,28.211489,16.020641284555325,28211.489,45111.5191816667,0.0
dbms-level,SKIPLIST,dbms_memory_after_build,1000,4.0687396,1.0619505729845904,4068.7396,257179.5877488992,1.0358047485351562
dbms-level,SKIPLIST,dbms_memory_after_build,5000,20.885185,7.470110034107395,4177.037,261537.82828150658,5.191845703125
dbms-level,SKIPLIST,dbms_memory_after_build,10000,48.5055046,5.8446921820832705,4850.55046,208961.94619016472,10.12698974609375
dbms-level,SKIPLIST,dbms_memory_after_build,50000,227.6294848,133.06795569625515,4552.589696,259484.36395316463,44.951821899414064
dbms-level,SKIPLIST,dbms_range_search_secondary_index,1000,237.5951898,9.513495932818367,1187975.949,842.796317121665,0.0
dbms-level,SKIPLIST,dbms_range_search_secondary_index,5000,5901.4478272,154.67874456422965,29507239.136,33.90832626193523,0.0
dbms-level,SKIPLIST,dbms_range_search_secondary_index,10000,25044.7511822,677.4003219194068,125223755.91100001,7.990368891485578,0.0
dbms-level,SKIPLIST,dbms_range_search_secondary_index,50000,610687.4602079999,16673.86005796086,3053437301.04,0.32769881248333776,0.0
dbms-level,SKIPLIST,dbms_safe_batch_insert_random,1000,3.7157194,2.258082123316887,3715.7194000000004,355888.08770676714,0.0
dbms-level,SKIPLIST,dbms_safe_batch_insert_random,5000,16.305605200000002,0.9613660617432352,3261.12104,307479.7960875371,0.0
dbms-level,SKIPLIST,dbms_safe_batch_insert_random,10000,27.838444400000004,3.3657083935289607,2783.84444,362981.8041640887,0.0
dbms-level,SKIPLIST,dbms_safe_batch_insert_random,50000,177.620129,20.917098231315833,3552.4025800000004,284484.66185086395,0.0
dbms-level,SKIPLIST,dbms_safe_batch_insert_sequential,1000,4.4879164000000005,2.8343969514679483,4487.9164,372681.04818706436,0.0
dbms-level,SKIPLIST,dbms_safe_batch_insert_sequential,5000,11.2558566,3.4927935908474903,2251.1713200000004,477295.0266440372,0.0
dbms-level,SKIPLIST,dbms_safe_batch_insert_sequential,10000,24.7877316,0.5780268016132994,2478.7731599999997,403603.1078037487,0.0
dbms-level,SKIPLIST,dbms_safe_batch_insert_sequential,50000,116.372493,14.67002061464334,2327.4498599999997,435341.32245067635,0.0
index-only,BTREE,delete_existing_keys,1000,0.1050114,0.12167419672346311,1050.114,1669295.587700899,0.0
index-only,BTREE,delete_existing_keys,5000,0.24625119999999998,0.07521777661696735,492.5024,2194536.4463267135,0.0
index-only,BTREE,delete_existing_keys,10000,0.33017599999999997,0.09982729817289455,330.17600000000004,3200906.898078714,0.0
index-only,BTREE,delete_existing_keys,50000,0.7911304,0.05180180934388295,791.1304,1268244.0368938379,0.0
index-only,BTREE,delete_existing_keys,100000,0.2887486,0.09484838894414603,288.7486,3758507.837066114,0.0
index-only,BTREE,duplicate_key_search,1000,0.49216800000000005,0.19739634373766907,492.168,2395862.442025298,0.0
index-only,BTREE,duplicate_key_search,5000,1.4466417999999999,0.3449000331127847,1446.6417999999999,733588.7411146348,0.0
index-only,BTREE,duplicate_key_search,10000,3.443691,1.4741786764866736,3443.6910000000003,355074.4449005736,0.0
index-only,BTREE,duplicate_key_search,50000,19.7033056,0.8461089204214784,19703.3056,50827.052863356635,0.0
index-only,BTREE,duplicate_key_search,100000,34.489736199999996,0.9977691499481228,34489.7362,29012.983714399517,0.0
index-only,BTREE,equality_search_hit,1000,0.2848628,0.09337353494004606,284.8628,3903729.7715778486,0.0
index-only,BTREE,equality_search_hit,5000,0.3120404,0.08367810175487969,312.0404,3397444.9228189485,0.0
index-only,BTREE,equality_search_hit,10000,0.4373222,0.08368534918490811,437.32219999999995,2361080.1766811707,0.0
index-only,BTREE,equality_search_hit,50000,0.42871819999999994,0.07654232610262114,428.71819999999997,2390072.648806671,0.0
index-only,BTREE,equality_search_hit,100000,0.7219568000000001,0.18792517351648236,721.9568,1473452.4704379854,0.0
index-only,BTREE,equality_search_miss,1000,0.11725540000000001,0.04463338245416765,117.25540000000001,9698672.0705284,0.0
index-only,BTREE,equality_search_miss,5000,0.10564720000000001,0.04203479589816038,105.6472,11112785.424302734,0.0
index-only,BTREE,equality_search_miss,10000,0.1050494,0.04293044310626202,105.04939999999999,11291539.07606195,0.0
index-only,BTREE,equality_search_miss,50000,0.11612940000000001,0.03434534939842656,116.12939999999999,9336592.028124008,0.0
index-only,BTREE,equality_search_miss,100000,0.1212458,0.039503757773153694,121.2458,9043920.74848569,0.0
index-only,BTREE,memory_unique_index_after_insert,1000,0.09549339999999999,0.05426720640773763,95.4934,12273701.586630287,0.04682006835937496
index-only,BTREE,memory_unique_index_after_insert,5000,0.5076238,0.2504024870866901,101.52476,11224455.68145208,0.24659576416015624
index-only,BTREE,memory_unique_index_after_insert,10000,0.9448838,0.418678138624051,94.48837999999999,11741104.471928835,0.4998382568359375
index-only,BTREE,memory_unique_index_after_insert,50000,4.2210594,0.6323147612663336,84.421188,12087936.435154596,2.318400573730469
index-only,BTREE,memory_unique_index_after_insert,100000,8.202706000000001,0.1020237708575795,82.02706,12192604.661182994,4.641313171386718
index-only,BTREE,mixed_insert_search_delete,1000,0.17246140000000001,0.061001498000458974,172.4614,6493230.406326503,0.0
index-only,BTREE,mixed_insert_search_delete,5000,0.2415308,0.12481531200617975,241.5308,5117853.048027122,0.0
index-only,BTREE,mixed_insert_search_delete,10000,0.251607,0.16786977414204143,251.60700000000003,4993561.395233782,0.0
index-only,BTREE,mixed_insert_search_delete,50000,0.2148192,0.05318779944874577,214.8192,4919428.903260006,0.0
index-only,BTREE,mixed_insert_search_delete,100000,0.18282720000000002,0.04195262865661697,182.8272,5684227.656011084,0.0
index-only,BTREE,random_unique_insert,1000,0.1901794,0.05659637961301059,190.17940000000002,5619781.342640942,0.0
index-only,BTREE,random_unique_insert,5000,1.0307016,0.32887542822974786,206.14032000000003,5161605.891335577,0.0
index-only,BTREE,random_unique_insert,10000,2.2665424,0.44324234452136885,226.65424,4522242.378855207,0.0
index-only,BTREE,random_unique_insert,50000,14.8505166,1.1640662745532575,297.010332,3384908.0779683692,0.0
index-only,BTREE,random_unique_insert,100000,30.747904800000004,0.6713724997251532,307.479048,3253489.6931828232,0.0
index-only,BTREE,range_search,1000,0.234449,0.08722821716910187,1172.2450000000001,981082.248332479,0.0
index-only,BTREE,range_search,5000,0.8885202,0.07369483620444517,4442.601000000001,226309.38748757215,0.0
index-only,BTREE,range_search,10000,2.0847564,0.6601625335898729,10423.782000000001,110227.97949596676,0.0
index-only,BTREE,range_search,50000,9.3268968,2.826158565792921,46634.484000000004,23794.95592416107,0.0
index-only,BTREE,range_search,100000,9.6187796,0.8543822973281925,48093.898,20914.90639126675,0.0
index-only,BTREE,sequential_unique_insert,1000,0.11886719999999999,0.04917649597317808,118.8672,9445729.580732362,0.0
index-only,BTREE,sequential_unique_insert,5000,0.535584,0.3526864866747803,107.11679999999998,11459152.991290836,0.0
index-only,BTREE,sequential_unique_insert,10000,0.9208961999999999,0.40332469469795673,92.08962,12023921.040481763,0.0
index-only,BTREE,sequential_unique_insert,50000,3.4560686000000005,0.2124104357965964,69.121372,14510070.996604154,0.0
index-only,BTREE,sequential_unique_insert,100000,11.4455494,0.8419170439439383,114.455494,8773982.320273591,0.0
index-only,HASH_INDEX,delete_existing_keys,1000,0.011542,0.005605579363455663,115.42,9786043.485500585,0.0
index-only,HASH_INDEX,delete_existing_keys,5000,0.0418458,0.006739209389832013,83.6916,12166252.515136179,0.0
index-only,HASH_INDEX,delete_existing_keys,10000,0.0689816,0.008590576657012032,68.9816,14708603.280173242,0.0
index-only,HASH_INDEX,delete_existing_keys,50000,0.07723,0.01997606192421319,77.23,13973243.693149198,0.0
index-only,HASH_INDEX,delete_existing_keys,100000,0.0721376,0.024609724262981896,72.13759999999999,16257272.307996675,0.0
index-only,HASH_INDEX,duplicate_key_search,1000,0.1615734,0.05584078797169682,161.5734,6878105.508524458,0.0
index-only,HASH_INDEX,duplicate_key_search,5000,0.886552,0.4868096326753406,886.552,1622797.8342769723,0.0
index-only,HASH_INDEX,duplicate_key_search,10000,1.6206748000000002,0.5051430196451296,1620.6748,663451.2381527413,0.0
index-only,HASH_INDEX,duplicate_key_search,50000,12.532452600000001,1.0495005868894502,12532.4526,80228.30284699153,0.0
index-only,HASH_INDEX,duplicate_key_search,100000,14.2475834,5.248291568271175,14247.5834,76844.68348025573,0.0
index-only,HASH_INDEX,equality_search_hit,1000,0.1624434,0.10075244747052053,162.4434,10022092.472184122,0.0
index-only,HASH_INDEX,equality_search_hit,5000,0.201553,0.08773223726487314,201.553,5943472.165812428,0.0
index-only,HASH_INDEX,equality_search_hit,10000,0.5375175999999999,0.28710431063865965,537.5176,5088546.783464026,0.0
index-only,HASH_INDEX,equality_search_hit,50000,0.1549394,0.0689497320538666,154.9394,7480011.854039453,0.0
index-only,HASH_INDEX,equality_search_hit,100000,0.1508396,0.08645114883736363,150.8396,8722153.959410137,0.0
index-only,HASH_INDEX,equality_search_miss,1000,0.09420740000000001,0.04548080306349043,94.20739999999999,15659488.152076926,0.0
index-only,HASH_INDEX,equality_search_miss,5000,0.0658014,0.04013594129081813,65.8014,24760866.490504377,0.0
index-only,HASH_INDEX,equality_search_miss,10000,0.0691514,0.0446603723484254,69.1514,25313455.022744812,0.0
index-only,HASH_INDEX,equality_search_miss,50000,0.0734398,0.03528194970803059,73.4398,16655124.0022329,0.0
index-only,HASH_INDEX,equality_search_miss,100000,0.058273599999999995,0.04052951121466924,58.2736,25127806.01636485,0.0
index-only,HASH_INDEX,memory_unique_index_after_insert,1000,0.0937238,0.07410310453820407,93.72380000000001,17043694.52595008,0.09992675781249998
index-only,HASH_INDEX,memory_unique_index_after_insert,5000,0.28831700000000005,0.23903903861398873,57.6634,24094777.675979495,0.48716583251953127
index-only,HASH_INDEX,memory_unique_index_after_insert,10000,0.5622232,0.49922034007309835,56.22231999999999,25110908.429391332,0.9751571655273438
index-only,HASH_INDEX,memory_unique_index_after_insert,50000,2.7935498,0.3199230677564531,55.870996000000005,18086885.347596116,4.8864593505859375
index-only,HASH_INDEX,memory_unique_index_after_insert,100000,7.9005792,1.0323703722200188,79.005792,12832005.81237011,9.850267028808593
index-only,HASH_INDEX,mixed_insert_search_delete,1000,0.0720236,0.039445173396754137,72.0236,19438755.25151702,0.0
index-only,HASH_INDEX,mixed_insert_search_delete,5000,0.0780894,0.026589330666641462,78.0894,14409501.189975074,0.0
index-only,HASH_INDEX,mixed_insert_search_delete,10000,0.06781960000000001,0.03173314521600403,67.81960000000001,18759708.858978193,0.0
index-only,HASH_INDEX,mixed_insert_search_delete,50000,0.0905176,0.024566086344796557,90.51759999999999,11642398.776063375,0.0
index-only,HASH_INDEX,mixed_insert_search_delete,100000,0.08006959999999999,0.03691461309969265,80.06960000000001,15711160.87580127,0.0
index-only,HASH_INDEX,random_unique_insert,1000,0.0697918,0.05036372291838641,69.7918,18219070.652161706,0.0
index-only,HASH_INDEX,random_unique_insert,5000,0.397646,0.1800737751075931,79.5292,14013573.241622742,0.0
index-only,HASH_INDEX,random_unique_insert,10000,0.9359540000000001,0.3999725504812799,93.5954,12389930.097487712,0.0
index-only,HASH_INDEX,random_unique_insert,50000,5.4371362,1.2938079993301561,108.742724,9556197.036258932,0.0
index-only,HASH_INDEX,random_unique_insert,100000,9.3494866,2.6470747155503185,93.494866,11626565.385857876,0.0
index-only,HASH_INDEX,range_search,1000,1.2631862,0.08103494616028316,6315.931,158844.26502046778,0.0
index-only,HASH_INDEX,range_search,5000,6.679522799999999,0.9368398038363871,33397.614,30408.46463233058,0.0
index-only,HASH_INDEX,range_search,10000,12.3403758,0.522539945182854,61701.879,16229.694758692038,0.0
index-only,HASH_INDEX,range_search,50000,61.2205956,0.10859222010024581,306102.978,3266.8826828846127,0.0
index-only,HASH_INDEX,range_search,100000,124.2070244,4.865877756716694,621035.1220000001,1612.147347227287,0.0
index-only,HASH_INDEX,sequential_unique_insert,1000,0.0630618,0.05103878565561685,63.061800000000005,21179674.999466024,0.0
index-only,HASH_INDEX,sequential_unique_insert,5000,0.2852186,0.2469240140828753,57.04371999999999,24267602.138531774,0.0
index-only,HASH_INDEX,sequential_unique_insert,10000,0.5719572,0.5117115767116277,57.195719999999994,24734727.445433177,0.0
index-only,HASH_INDEX,sequential_unique_insert,50000,2.2028664,1.443698711679587,44.057328,27904786.156879283,0.0
index-only,HASH_INDEX,sequential_unique_insert,100000,6.330254,2.9162731330659,63.30254,19789597.133261472,0.0
index-only,RED_BLACK_TREE,delete_existing_keys,1000,0.021292,0.006706334319134414,212.92,4995799.752221705,0.0
index-only,RED_BLACK_TREE,delete_existing_keys,5000,0.176533,0.05422516417679157,353.066,3076631.166306206,0.0
index-only,RED_BLACK_TREE,delete_existing_keys,10000,0.20481080000000002,0.1072074278266203,204.81080000000003,5621145.524367487,0.0
index-only,RED_BLACK_TREE,delete_existing_keys,50000,0.157883,0.025571989167837546,157.88299999999998,6501549.507729331,0.0
index-only,RED_BLACK_TREE,delete_existing_keys,100000,0.2582908,0.06780351190167072,258.2908,4090766.3393822773,0.0
index-only,RED_BLACK_TREE,duplicate_key_search,1000,0.237391,0.04087331121893601,237.391,4334296.097995688,0.0
index-only,RED_BLACK_TREE,duplicate_key_search,5000,0.8220926000000001,0.03854241652128211,822.0926,1218593.7309075657,0.0
index-only,RED_BLACK_TREE,duplicate_key_search,10000,2.8224878,1.15627767356881,2822.4878,421218.6086669622,0.0
index-only,RED_BLACK_TREE,duplicate_key_search,50000,19.0952518,0.4716168890181952,19095.2518,52394.70939264185,0.0
index-only,RED_BLACK_TREE,duplicate_key_search,100000,26.7622622,3.981004341256199,26762.262199999997,37939.68754337424,0.0
index-only,RED_BLACK_TREE,equality_search_hit,1000,0.23448699999999997,0.08625255515055771,234.487,5223041.893260861,0.0
index-only,RED_BLACK_TREE,equality_search_hit,5000,0.3309244,0.09115076554423447,330.9244,3243860.3433630494,0.0
index-only,RED_BLACK_TREE,equality_search_hit,10000,0.4281142,0.07597251185264313,428.1142,2400070.8547404176,0.0
index-only,RED_BLACK_TREE,equality_search_hit,50000,0.40559019999999996,0.06826952211052893,405.5902,2526210.3248842573,0.0
index-only,RED_BLACK_TREE,equality_search_hit,100000,0.5367896,0.21388257968637842,536.7896,2127825.0996951233,0.0
index-only,RED_BLACK_TREE,equality_search_miss,1000,0.0847698,0.03727790076171136,84.7698,14575023.951402757,0.0
index-only,RED_BLACK_TREE,equality_search_miss,5000,0.0892114,0.03957701887838447,89.2114,13801633.055356067,0.0
index-only,RED_BLACK_TREE,equality_search_miss,10000,0.0946216,0.03772546815216479,94.6216,12452877.810401391,0.0
index-only,RED_BLACK_TREE,equality_search_miss,50000,0.09707560000000001,0.0355161445162619,97.0756,11442494.405136097,0.0
index-only,RED_BLACK_TREE,equality_search_miss,100000,0.10518540000000001,0.0371231022316293,105.1854,10445896.607883757,0.0
index-only,RED_BLACK_TREE,memory_unique_index_after_insert,1000,0.11202559999999999,0.07086503475833479,112.02560000000001,11983740.680257067,0.07238616943359374
index-only,RED_BLACK_TREE,memory_unique_index_after_insert,5000,0.45079,0.25297782314167383,90.158,12956155.581559641,0.37960662841796877
index-only,RED_BLACK_TREE,memory_unique_index_after_insert,10000,0.719515,0.0996543854554329,71.9515,14082731.484632557,0.7233123779296875
index-only,RED_BLACK_TREE,memory_unique_index_after_insert,50000,4.526934,0.43845642822177894,90.53868,11124546.029106285,3.6224822998046875
index-only,RED_BLACK_TREE,memory_unique_index_after_insert,100000,10.5904332,1.3131507413397747,105.904332,9572712.691173706,7.318455505371094
index-only,RED_BLACK_TREE,mixed_insert_search_delete,1000,0.1022594,0.030410954610140085,102.2594,10658942.414926657,0.0
index-only,RED_BLACK_TREE,mixed_insert_search_delete,5000,0.14941739999999998,0.05179076440158033,149.4174,7451232.616402614,0.0
index-only,RED_BLACK_TREE,mixed_insert_search_delete,10000,0.13274740000000002,0.055969586672584955,132.7474,8874563.008015925,0.0
index-only,RED_BLACK_TREE,mixed_insert_search_delete,50000,0.1308952,0.03352257518747627,130.8952,8051103.476709047,0.0
index-only,RED_BLACK_TREE,mixed_insert_search_delete,100000,0.1292292,0.03594368825259867,129.2292,8294977.356534834,0.0
index-only,RED_BLACK_TREE,random_unique_insert,1000,0.1215492,0.06434400104283228,121.5492,9559033.891265964,0.0
index-only,RED_BLACK_TREE,random_unique_insert,5000,0.8270082000000001,0.19864819220093596,165.40164,6287722.3613184355,0.0
index-only,RED_BLACK_TREE,random_unique_insert,10000,1.8289078,0.06549208962309871,182.89078,5473496.2646483965,0.0
index-only,RED_BLACK_TREE,random_unique_insert,50000,11.122055,0.6785597329336602,222.4411,4509110.703239977,0.0
index-only,RED_BLACK_TREE,random_unique_insert,100000,26.082415400000002,1.892623675289491,260.824154,3851341.8641837565,0.0
index-only,RED_BLACK_TREE,range_search,1000,0.21402900000000002,0.022020525652218216,1070.145,941507.5990699237,0.0
index-only,RED_BLACK_TREE,range_search,5000,1.2487524,0.32899981455131555,6243.762,174787.3004323494,0.0
index-only,RED_BLACK_TREE,range_search,10000,2.5261326,0.552923271084515,12630.663,82352.33970753205,0.0
index-only,RED_BLACK_TREE,range_search,50000,13.780095399999999,0.27023035171923154,68900.477,14518.174943473528,0.0
index-only,RED_BLACK_TREE,range_search,100000,17.2002402,3.6847119094595713,86001.201,12064.726142676702,0.0
index-only,RED_BLACK_TREE,sequential_unique_insert,1000,0.0821136,0.048695394949625374,82.11359999999999,14447662.065704595,0.0
index-only,RED_BLACK_TREE,sequential_unique_insert,5000,0.4503496,0.26738545168501593,90.06992,13170198.840275114,0.0
index-only,RED_BLACK_TREE,sequential_unique_insert,10000,0.7380267999999999,0.0704678180107771,73.80268,13640957.886698896,0.0
index-only,RED_BLACK_TREE,sequential_unique_insert,50000,4.127064,0.13588949682002646,82.54128,12125702.49744329,0.0
index-only,RED_BLACK_TREE,sequential_unique_insert,100000,11.984607200000001,0.787818621172221,119.846072,8372943.026786548,0.0
index-only,SKIPLIST,delete_existing_keys,1000,0.0637756,0.011493574348304359,637.7560000000001,1620948.7080682623,0.0
index-only,SKIPLIST,delete_existing_keys,5000,0.1876052,0.08736780563914834,375.2104,2986545.8110366734,0.0
index-only,SKIPLIST,delete_existing_keys,10000,0.2918688,0.017470543643516107,291.8688,3436560.286440734,0.0
index-only,SKIPLIST,delete_existing_keys,50000,0.5367514,0.04832679423777249,536.7514,1876021.1364612903,0.0
index-only,SKIPLIST,delete_existing_keys,100000,0.665427,0.07025659008235459,665.427,1516878.5172812885,0.0
index-only,SKIPLIST,duplicate_key_search,1000,0.9730274,0.22480133489216658,973.0274,1084855.454950907,0.0
index-only,SKIPLIST,duplicate_key_search,5000,5.284847,0.6310988791754426,5284.847,191597.82467443313,0.0
index-only,SKIPLIST,duplicate_key_search,10000,10.8578842,0.43381527391471597,10857.8842,92222.04198214141,0.0
index-only,SKIPLIST,duplicate_key_search,50000,43.7360412,2.7473199735624543,43736.0412,22941.625341846688,0.0
index-only,SKIPLIST,duplicate_key_search,100000,71.76979779999999,14.731161433054192,71769.7978,14324.987623410858,0.0
index-only,SKIPLIST,equality_search_hit,1000,0.41630400000000006,0.05878529773676409,416.304,2441504.318949435,0.0
index-only,SKIPLIST,equality_search_hit,5000,1.6798502,1.0890328852182105,1679.8502,870668.8936937504,0.0
index-only,SKIPLIST,equality_search_hit,10000,0.6627188,0.24592187602305737,662.7188,1689090.6765629197,0.0
index-only,SKIPLIST,equality_search_hit,50000,0.912876,0.15501004225694542,912.876,1116903.8294805756,0.0
index-only,SKIPLIST,equality_search_hit,100000,1.6266866,0.3034647751235718,1626.6866,638303.949243935,0.0
index-only,SKIPLIST,equality_search_miss,1000,0.12235339999999999,0.03376156603743374,122.3534,8781208.08317718,0.0
index-only,SKIPLIST,equality_search_miss,5000,0.1640974,0.04808437742448164,164.0974,6502978.094713451,0.0
index-only,SKIPLIST,equality_search_miss,10000,0.1608572,0.046725673255716714,160.8572,6699205.129574651,0.0
index-only,SKIPLIST,equality_search_miss,50000,0.1571814,0.039780726719103564,157.1814,6730112.238343639,0.0
index-only,SKIPLIST,equality_search_miss,100000,0.1433372,0.046975097883878866,143.3372,7572676.523952866,0.0
index-only,SKIPLIST,memory_unique_index_after_insert,1000,0.26805500000000004,0.054701957277596545,268.055,3831780.284187843,0.37095489501953127
index-only,SKIPLIST,memory_unique_index_after_insert,5000,1.349152,0.22030706164692043,269.8304,3776481.342943333,1.8663162231445312
index-only,SKIPLIST,memory_unique_index_after_insert,10000,3.0713984,0.2327455157984789,307.13984,3271138.224422953,3.7365402221679687
index-only,SKIPLIST,memory_unique_index_after_insert,50000,22.384005199999997,2.2525388617688047,447.68010400000003,2250252.5470460225,18.50031280517578
index-only,SKIPLIST,memory_unique_index_after_insert,100000,37.2480018,5.86717987364238,372.48001800000003,2737200.139343484,37.00057220458984
index-only,SKIPLIST,mixed_insert_search_delete,1000,0.2876768,0.028740128552252508,287.6768,3502626.189277911,0.0
index-only,SKIPLIST,mixed_insert_search_delete,5000,0.38046599999999997,0.07989057747944997,380.466,2755106.1223485013,0.0
index-only,SKIPLIST,mixed_insert_search_delete,10000,0.41398619999999997,0.03642354000093894,413.9862,2431048.163418637,0.0
index-only,SKIPLIST,mixed_insert_search_delete,50000,0.2977748,0.0485302154662433,297.7748,3425097.101141949,0.0
index-only,SKIPLIST,mixed_insert_search_delete,100000,0.3550822,0.06136658209644725,355.0822,2876909.5540175247,0.0
index-only,SKIPLIST,random_unique_insert,1000,0.415722,0.0828741474194456,415.72200000000004,2482161.292723513,0.0
index-only,SKIPLIST,random_unique_insert,5000,2.8341478,0.5496469172347827,566.8295599999999,1819581.0981742241,0.0
index-only,SKIPLIST,random_unique_insert,10000,5.7854586,0.5713183853275683,578.54586,1743509.0895280368,0.0
index-only,SKIPLIST,random_unique_insert,50000,39.4784244,2.7521072121443235,789.568488,1271136.5483667261,0.0
index-only,SKIPLIST,random_unique_insert,100000,87.36532919999999,2.161430818596957,873.653292,1145182.077548646,0.0
index-only,SKIPLIST,range_search,1000,0.44616620000000007,0.09541130785289549,2230.831,466605.48808555247,0.0
index-only,SKIPLIST,range_search,5000,2.0047352,0.6541033434906902,10023.676,117096.71959813972,0.0
index-only,SKIPLIST,range_search,10000,4.2836428,0.12736592602301447,21418.214,46723.016994990656,0.0
index-only,SKIPLIST,range_search,50000,15.610673,0.5763072467499436,78053.365,12826.058052339487,0.0
index-only,SKIPLIST,range_search,100000,41.034937,9.504660429740218,205174.685,5175.912151985936,0.0
index-only,SKIPLIST,sequential_unique_insert,1000,0.2696788,0.05475343592141046,269.6788,3810032.7467027465,0.0
index-only,SKIPLIST,sequential_unique_insert,5000,1.2758386,0.19776827474294248,255.16772,3989710.227979862,0.0
index-only,SKIPLIST,sequential_unique_insert,10000,2.5038232000000002,0.42517292042320837,250.38232,4072123.0129853995,0.0
index-only,SKIPLIST,sequential_unique_insert,50000,23.441066799999998,1.3219996461723045,468.821336,2138649.399197278,0.0
index-only,SKIPLIST,sequential_unique_insert,100000,45.7769564,0.5693650863793813,457.769564,2184773.4070713767,0.0
